prec,pdmt,tavg,gap,leaf_rad
1,0.634067785618454,0.0504556565106436,-0.475132301313579,-0.554421469698468
0.634067785618454,1,-0.635583653128612,-0.360244488227848,-0.699187067416418
0.0504556565106436,-0.635583653128612,1,0.150234860001158,0.555626952564112
-0.475132301313579,-0.360244488227848,0.150234860001158,1,0.855620425744468
-0.554421469698468,-0.699187067416418,0.555626952564112,0.855620425744468,1
