prec,pdmt,tavg,gap_mean,leafrad_mean
1,0.629709294348471,0.0489265418465464,-0.545706692271845,-0.564077807109871
0.629709294348471,1,-0.640755027615465,-0.398434298000102,-0.727802470261645
0.0489265418465464,-0.640755027615465,1,0.136327102802314,0.594517641627548
-0.545706692271845,-0.398434298000102,0.136327102802314,1,0.841616817433045
-0.564077807109871,-0.727802470261645,0.594517641627548,0.841616817433045,1
