prec,tavg,gap_mean,leafrad_mean
1,0.0489265418465464,-0.544275264424016,-0.563820901936223
0.0489265418465464,1,0.130457791430093,0.591056375479245
-0.544275264424016,0.130457791430093,1,0.840955134753977
-0.563820901936223,0.591056375479245,0.840955134753977,1
