submodel,R2,pval,intercept,slope
GGLEPINFQTAADQAR,0.686,0,-4.81326833675061e-06,0.810983877643508
DEDTQAMPFR,0.663,0,-1.08509927501628e-05,0.417061786608531
ISQAVHAAHAEINEAGR,0.641,0,-9.58424196673453e-06,0.0996963740300384
YPILPEYLQC[Pye]VK,0.63,0,5.26732719116268e-05,0.471948171201841
HIATNAVLFFGR,0.387,0,2.99402371989256e-05,0.112924475087333
DILNQITKPNDVYSFSLASR,0.266,0,-3.76457202497195e-05,0.0792330651601837
