"","submodel","R2","pval","intercept","slope"
"1","DEDTQAMPFR",0.694,"0","-3.69989581866781e-05","0.39963207805829"
"2","GGLEPINFQTAADQAR",0.688,"0","-2.26090254512011e-05","0.959912086755578"
"3","LTEWTSSNVMEER",0.682,"0","1.62606359957856e-05","0.631351677041291"
"4","YPILPEYLQC[Pye]VK",0.662,"0","5.92487473266655e-05","0.62852630117842"
"5","HIATNAVLFFGR",0.581,"0","7.96905816788083e-05","0.509622154121244"
"6","ISQAVHAAHAEINEAGR",0.373,"0","7.30641656448794e-06","0.0155106773155054"
"7","DILNQITKPNDVYSFSLASR",0.241,"0","-6.24178962660202e-05","0.123270104652353"
