Peptide,mean,median,sd,min,max,med_minus_min_over_sd,max_minus_med_over_sd
DEDTQAMPFR,240081.54723054,200511.437993816,142044.738904875,42617.3195784984,1143941.12348883,1.11158019390677,6.64177844789322
DILNQITKPNDVYSFSLASR,29259.3183689283,22518.1888799078,24712.5200822281,702.587218986404,166477.622426494,0.882775272952031,5.82536435246499
GGLEPINFQTAADQAR,475124.889206504,402973.958813459,285651.680276174,72076.8575972033,1977856.00680175,1.15839368036042,5.51329523588191
HIATNAVLFFGR,75298.1366942485,65696.6961551744,48313.9135437528,796.197111660797,360097.626911051,1.34330867203999,6.09350204034433
ISQAVHAAHAEINEAGR,55006.5830846996,48097.1258787446,34578.5874921499,7208.67109574556,307519.337675167,1.18247903539384,7.50239470757206
YPILPEYLQC[Pye]VK,293497.291710317,258141.337387431,169515.127889826,50277.1831126496,1338342.82419433,1.22622775242738,6.37230140019694
