func,mean_abundance,CV_abundance
total_protein,28512.77524,0.380493202
Calvin_cycle,9782.226666,0.44992246
Light_reactions,6489.731123,0.403774586
Photorespiration,989.085986,0.427990464
protein,2045.710275,0.418824174
redox,820.2404656,0.393416681
stress,598.9507368,0.468978031
CHO_metabolism,519.0222332,0.406766381
glycolysis,490.9579888,0.405803528
RNA,399.4194015,0.600858915
TCA_org_transformation,345.4630815,0.391454911
other,6031.967284,
