,prec,tavg,gap_mean,leafrad_mean
prec,1,0.048926542,-0.544275264,-0.563820902
tavg,0.048926542,1,0.130457791,0.591056375
gap_mean,-0.544275264,0.130457791,1,0.840955135
leafrad_mean,-0.563820902,0.591056375,0.840955135,1
